predictor	IncNodePurity
ns	248.47704566274248
coda1n	127.49330204790408
nsyl	125.24378785610884
coda2š	74.2468906515583
coda1r	66.10882338283082
llfpm10	64.7507809306614
coda2s	40.9973801471918
coda2z	8.364643912644034
coda2ž	7.33875805912583
coda1j	6.814277686776296
coda1l	0.23312631743951082
