predictor	IncNodePurity
ns	335.97365455196217
nsyl	127.30770844765252
coda1n	116.5871768192476
llfpm10	96.43804315010614
coda2š	53.60232428530932
coda1r	44.6598809088705
coda2s	39.70973323554066
coda2z	6.627979982050676
coda1j	4.909967217123736
coda2ž	3.836744516048956
coda1l	0.4831314590485324
